"שם","סוג","טלפון","וואטסאפ","אימייל","אתר","מקור"
"אגף השיקום – משרד הביטחון","government","*8150","","","https://shikum.mod.gov.il","https://www.kolzchut.org.il/he/משרד_הביטחון_-_אגף_שיקום_נכים"
"קו ""נפש אחת"" – קו תמיכה נפשית של אגף השיקום","hotline","*8944","","","https://shikum.mod.gov.il","https://shikum-umb.mod.gov.il/media/0tzbkekn/haravot-barzel-guide-2024.pdf"
"אגף משפחות, הנצחה ומורשת – משרד הביטחון","government","03-7776700","","","https://mishpahot-hantzaha.mod.gov.il","https://yadlabanim.org/wp-content/uploads/2023/04/אגרת-מידע-לאחים-השכולים.pdf"
"האגף לחיילים משוחררים ומילואים – משרד הביטחון","government","*5266","","","https://www.hachvana.mod.gov.il","https://www.hachvana.mod.gov.il/Pages/default.aspx"
"ביטוח לאומי – תגמולי מילואים","government","*6050","","","https://www.btl.gov.il/benefits/Reserve_Service/Pages/default.aspx","https://www.btl.gov.il/Pages/default.aspx"
"מוקד המילואים של צה""ל","hotline","1111","","Miluim.moked@digital.idf.il","https://www.idf.il/miluim","https://www.mod.gov.il/media/plfjgyme/%D7%94%D7%9E%D7%91-6203-2025.pdf"
"סיוע משפטי למשרתי מילואים שפוטרו – משרד הביטחון","government","1111","","Miluim.moked@digital.idf.il","","https://www.kolzchut.org.il/he/סיוע_משפטי_לעובד_שפוטר_מעבודתו_עקב_שירות_מילואים"
"הסיוע המשפטי – משרד המשפטים (ייעוץ חינם לחיילים)","government","*6405","","","","https://www.kolzchut.org.il/he/סיוע_משפטי_חינם_לחיילי_צה%22ל_מטעם_משרד_המשפטים"
"מינהל הסדרה ואכיפת חוקי עבודה – משרד העבודה","government","*2570","","","https://www.gov.il/he/departments/units/regularization-and-enforcement","https://www.kolzchut.org.il/he/מוקד_שירות_ארצי:מינהל_הסדרה_ואכיפת_חוקי_עבודה"
"רשות המסים – מענק לעוסקים משרתי מילואים","government","*4954","","","https://www.gov.il/he/service/grant-for-reservists","https://www.gov.il/he/service/grant-for-reservists"
"הסוכנות לעסקים קטנים ובינוניים (מעו""ף)","government","","","","https://www.gov.il/he/departments/units/small_medium_business_agency_about","https://www.gov.il/he/departments/units/small_medium_business_agency_about"
"מוקד חוסן ארצי","hotline","*5486","","","https://www.btl.gov.il/StateOfEmergency/AmKelavi/Harada_HB/Pages/MrkaziHosenResima.aspx","https://btl.gov.il/English%20Homepage/Updates-security-situation/Harada_HB/Pages/HOZENmercazhb.aspx"
"תוכנית עמית – משרד הביטחון","government","","","","https://apps.apple.com/il/app/id6692622144","https://www.kipa.co.il/חדשות/1194992-0/"
"מוקד משרד הרווחה 118","hotline","118","","","","https://www.kolzchut.org.il/he/מוקד_רווחה"
"ער""ן – עזרה ראשונה נפשית","hotline","1201","052-8451201","","","https://israeltraumacoalition.org/"
"נט""ל – מרכז לנפגעי טראומה על רקע לאומי","nonprofit","*3362","","","https://www.natal.org.il","https://www.natal.org.il"
"הקואליציה הישראלית לטראומה","nonprofit","02-6722618","","","https://israeltraumacoalition.org","https://israeltraumacoalition.org/"
"מטיב – המרכז הישראלי לפסיכוטראומה","nonprofit","02-5952234","","info@metiv.org","https://metiv.org","https://metiv.org/"
"מסע שחרור (Peace of Mind)","nonprofit","","","","https://peaceofmind.org.il","https://peaceofmind.org.il/"
"הבית להלומי קרב – לא מפקירים פצועים בשטח","nonprofit","050-6078202","050-6078202","info@helemkrav.org.il","https://helemkrav.org.il","https://helemkrav.org.il/"
"New Rise","nonprofit","055-5790077","055-5790077","contact@new-rise.org","https://www.new-rise.org","https://www.new-rise.org/"
"טראומה פור גוד – העמותה למען נפגעי פוסט טראומה","nonprofit","052-6417641","","office@trauma4good.org","https://www.trauma4good.org","https://www.trauma4good.org/"
"עמותת אסופי – סיוע ללוחמים פוסט טראומטיים","nonprofit","","","asufi.npo@gmail.com","https://asufi.org.il","https://asufinpo.wixsite.com/asufi"
"עמותת קו לבנון","nonprofit","","","kavlevanon@gmail.com","https://kavlevanon.org.il/ptsd/","https://kavlevanon.org.il/ptsd/"
"ארגון נכי צה""ל","nonprofit","03-6461600","","irgun@inz.org.il","https://www.inz.org.il","https://www.kolzchut.org.il/he/ארגון_נכי_צה%22ל"
"בית הלוחם","nonprofit","","","","https://zdvo.org","https://zdvo.org/"
"אחים לחיים","nonprofit","03-5622789","","info@achimlachaim.org","https://www.achimlachaim.org","https://www.kolzchut.org.il/he/אחים_לחיים"
"המרכז הישראלי לכלבי נחייה לעיוורים","nonprofit","08-9408213","","","https://www.israelguidedog.org.il","https://www.israelguidedog.org.il/"
"עמותת אתגרים","nonprofit","03-5613585","","frontdesk@etgarim.org","https://etgarim.org","https://etgarim.org/"
"ארגון אלמנות ויתומי צה""ל","nonprofit","03-6918403","","office@idfwo.org","https://www.idfwo.org","https://www.idfwo.org/"
"יד לבנים","nonprofit","*8381","050-4328381","office@yadlabanim.org.il","https://yadlabanim.org","https://www.kolzchut.org.il/he/יד_לבנים"
"הותיר אחריו חבר.ה","nonprofit","077-7703166","","","","https://www.kolzchut.org.il/he/%D7%94%D7%95%D7%AA%D7%99%D7%A8_%D7%90%D7%97%D7%A8%D7%99%D7%95_%D7%97%D7%91%D7%A8.%D7%94"
"האחים שלנו","nonprofit","055-4422579","","","https://ourbrothers.co.il","https://ourbrothers.co.il/"
"משפחה אחת","nonprofit","02-5399000","","Info@onefamilyfund.org","https://onefamilytogether.org","https://onefamilytogether.org/contact-us/"
"האגודה למען החייל","nonprofit","072-2702222","050-2100458","","https://ufis.org.il","https://www.kolzchut.org.il/he/האגודה_למען_החייל"
"המרכז לחיילים בודדים לזכרו של מייקל לוין","nonprofit","02-5022211","","","https://lonesoldiercenter.com","https://lonesoldiercenter.com/"
"נפש בנפש – תוכנית חיילים בודדים","nonprofit","*6563","","lonesoldierparents@nbn.org.il","https://www.nbn.org.il/nbnlsp/","https://www.nbn.org.il/nbnlsp/contact/"
"קרן בנג'י הילמן – הבית של בנג'י","nonprofit","09-7712723","","information@benjihillman.org","https://benjihillman.org","https://benjihillman.org/"
"צופים גרעין צבר","nonprofit","","054-2441192","garintzabar@israelscouts.org","https://garintzabar.org","https://garintzabar.org/about/faq/"
"בית חם לכל חייל","nonprofit","02-5662105","","","","https://www.kolzchut.org.il/he/בית_חם_לכל_חייל"
"בית אלי – בית חם לחיילים בודדים","nonprofit","072-2335252","","eshnav2u@gmail.com","","https://www.kolzchut.org.il/he/בית_אלי_-_בית_חם_לחיילים_בודדים"
"ישר לחייל","nonprofit","058-7220288","","info@yasharlachayal.org","https://yasharlachayal.org","https://yasharlachayal.org/contact-us/"
"העמותה למען משרתי המילואים","nonprofit","08-8523113","","admin@miluim.co.il","https://www.miluim.co.il","https://www.kolzchut.org.il/he/העמותה_למען_משרתי_המילואים"
"תן גב","nonprofit","","","admin@tengav.org","https://www.tengav.org.il","https://www.tengav.org/stories/emergency-relief-fund-2025-support-for-families-of-reservists/"
"פעמונים","nonprofit","03-9127100","","family@paamonim.org","https://www.paamonim.org/he/","https://www.kolzchut.org.il/he/פעמונים"
"עוגן – קרן הלוואות ומנטורינג חברתית","nonprofit","*3309","054-4445395","","https://www.ogen.org","https://www.ogen.org/"
"לב אחד","nonprofit","*3197","","moked@levechad.org","https://www.levechad.org","https://www.levechad.org/"
"מלגות IMPACT – אגודת הידידים של צה""ל (FIDF)","nonprofit","03-6968855","","impact@fidf.org","https://www.fidf.org/impact","https://dekanat.haifa.ac.il/student-services/scholarship-department/scholarship-types/other-financial-aid-scholarships/impact-program-scholarships-of-friends-of-the-idf-usa/?lang=en"
"מומנטום למשתחררים","nonprofit","","","","https://www.momentum4u.org","https://www.momentum4u.org/"
"סה""ר – סיוע והקשבה ברשת","hotline","","055-957-1399","","https://sahar.org.il","https://sahar.org.il/"
"לתת","nonprofit","*6833","","latet@latet.org.il","https://www.latet.org.il","https://www.latet.org.il/contact/"
"יד שרה","nonprofit","*6444","","","https://www.yadsarah.org.il","https://www.kolzchut.org.il/he/יד_שרה"
"עזר מציון","nonprofit","03-6144444","","","https://www.ezermizion.org","https://www.kolzchut.org.il/he/עזר_מציון"
"פתחון לב","nonprofit","03-5576000","","","https://www.pitchonlev.org.il","https://www.pitchonlev.org.il/"
"לקט ישראל","nonprofit","09-7441757","053-3486320","","https://www.leket.org","https://www.leket.org/"
"מאיר פנים","nonprofit","","","","https://www.meirpanim.org.il","https://meirpanim.org/contact"
"אשל חב""ד – המיזם הלאומי לביטחון תזונתי","nonprofit","02-6501036","","","","https://www.kolzchut.org.il/he/המיזם_הלאומי_לביטחון_תזונתי"
"כל זכות","nonprofit","","","","https://www.kolzchut.org.il","https://www.kolzchut.org.il/he/"
"הסיוע המשפטי – משרד המשפטים","government","*6405","","","https://www.gov.il/he/service/legal_aid_application","https://www.kolzchut.org.il/he/הסיוע_המשפטי_במשרד_המשפטים"
"קו לעובד","nonprofit","","","","https://www.kavlaoved.org.il","https://www.kolzchut.org.il/he/קו_לעובד"
"איגוד מרכזי הסיוע לנפגעות ולנפגעי תקיפה מינית","hotline","1202","052-8361202","","https://www.1202.org.il","https://www.1202.org.il/"
"מוקד 118 – משרד הרווחה","government","118","","","https://www.gov.il/he/departments/molsa","https://www.kolzchut.org.il/he/אלימות_במשפחה"
"נעמת – קו ייעוץ לנשים","nonprofit","*9201","","","https://www.naamat.org.il","https://www.naamat.org.il/"
"בת מלך","nonprofit","1-800-292-333","","","","https://www.kolzchut.org.il/he/עמותת_בת_מלך"
"המוסד לביטוח לאומי","government","*6050","","","https://www.btl.gov.il","https://www.btl.gov.il/benefits/Victims_of_Hostilities/Pages/default.aspx"
"ביטוח לאומי – קו לסיוע מיידי לנפגעי פעולות איבה","government","02-6269999","","","https://www.btl.gov.il/benefits/Victims_of_Hostilities/Pages/default.aspx","https://www.btl.gov.il/benefits/Victims_of_Hostilities/Pages/default.aspx"
"מרכז החוסן שדרות","government","08-6677740","","","","https://www.btl.gov.il/benefits/Victims_of_Hostilities/Pages/MerkazeiSiua.aspx"
"מרכז החוסן מועצה אזורית אשכול","government","08-9965264","","","","https://www.btl.gov.il/benefits/Victims_of_Hostilities/Pages/MerkazeiSiua.aspx"
"מרכז החוסן מועצה אזורית שער הנגב","government","052-6122141","","","","https://www.btl.gov.il/benefits/Victims_of_Hostilities/Pages/MerkazeiSiua.aspx"
"מרכז החוסן מועצה אזורית שדות נגב","government","050-5727378","","","","https://www.btl.gov.il/benefits/Victims_of_Hostilities/Pages/MerkazeiSiua.aspx"
"מרכז החוסן מועצה אזורית חוף אשקלון","government","08-6576728","","","","https://www.btl.gov.il/benefits/Victims_of_Hostilities/Pages/MerkazeiSiua.aspx"
"מרכז החוסן אשקלון","government","*2452","","","","https://www.btl.gov.il/benefits/Victims_of_Hostilities/Pages/MerkazeiSiua.aspx"
"מרכזי החוסן בגליל","government","04-6900603","","","","https://www.btl.gov.il/benefits/Victims_of_Hostilities/Pages/MerkazeiSiua.aspx"
"ארגון נפגעי פעולות איבה","nonprofit","03-6884729","","","","https://www.kolzchut.org.il/he/נפגעי_פעולות_איבה/ארגוני_סיוע"
"סלע – מרכז סיוע לעולה במשבר","nonprofit","03-7964000","","icmc@selah.org.il","","https://www.kolzchut.org.il/he/סלע_-_מרכז_סיוע_לעולה_במשבר"
"פיקוד העורף – מוקד 104","government","104","052-9104104","","https://www.oref.org.il","https://www.kolzchut.org.il/he/מוקדים_לפניות_הציבור_ולבירור_מידע_במהלך_מבצע_חרבות_ברזל"
"מגן דוד אדום","hotline","101","","","https://www.mdais.org","https://www.mdais.org/"
"מוקד עירוני 106","government","106","","","","https://www.kolzchut.org.il/he/בית_שמש_-_מדריך_לשירותים_חברתיים"
"רשות המסים – מס רכוש וקרן פיצויים","government","*4954","","","","https://www.kolzchut.org.il/he/שאלות_ותשובות_למי_שרכושם_נפגע_במלחמה_או_בפעולת_איבה"
"שירות התעסוקה הישראלי","government","*9687","","","","https://www.kolzchut.org.il/he/שירות_התעסוקה"
"תעסו-קו – קו סיוע לתעסוקה","hotline","*2119","","","","https://www.kolzchut.org.il/he/""תעסו-קו""_לסיוע_בהשתלבות_בתעסוקה"
"משרד הבינוי והשיכון – מוקד מידע","government","*5442","","","","https://www.kolzchut.org.il/he/סיוע_בשכר_דירה"
"קול הבריאות – מוקד משרד הבריאות","government","*5400","","","https://www.gov.il/he/service/kol-briut-moked","https://www.gov.il/he/service/kol-briut-moked"
"המוקד לאזרחים ותיקים *8840","government","*8840","","","https://www.gov.il/he/service/senior_citizen_call_center_8840","https://www.gov.il/he/service/senior_citizen_call_center_8840"
"הרשות לזכויות ניצולי השואה","government","*5105","","","","https://www.kolzchut.org.il/he/הרשות_לזכויות_ניצולי_השואה"
"עמך","nonprofit","02-6250745","","amcha@amcha.org","https://www.amcha.org","https://www.amcha.org/"
"מלבב","nonprofit","1-700-70-4533","","","https://www.melabev.org.il","https://www.melabev.org.il/"
"עלם – נוער בסיכון","nonprofit","03-7686666","054-6786776","elem@elem.org.il","https://www.elem.org.il","https://www.elem.org.il/"
"נוער למען נוער","nonprofit","03-5384988","055-7235858","","","https://www.kolzchut.org.il/he/נוער_למען_נוער"
"מוקד 105 – הגנה על ילדים ברשת","government","105","","","","https://www.maariv.co.il/news/israel/Article-671477"
"המועצה לשלום הילד","nonprofit","02-6780606","","","https://www.children.org.il","https://www.kolzchut.org.il/he/חינוך/ארגוני_סיוע"
"לנפש תדרשנו","hotline","0747-800-380","","","","https://www.kolzchut.org.il/he/לנפש_תדרשנו"
"שלום בנייך","nonprofit","*9595","","","","https://www.kolzchut.org.il/he/שלום_בנייך_-_קו_חם_וסיוע_טיפולי_לפוגעים_ונפגעים"
"אנוש – העמותה הישראלית לבריאות הנפש","nonprofit","074-7556155","","info@enosh.org.il","https://www.enosh.org.il","https://www.enosh.org.il/"
"אקים ישראל","nonprofit","1-800-399-333","","","https://www.akim.org.il","https://www.akim.org.il/"
"אלו""ט – האגודה הלאומית לילדים ובוגרים עם אוטיזם","nonprofit","03-5718188","","","https://www.alut.org.il","https://www.kolzchut.org.il/he/אלו""ט"
"נציבות שוויון זכויות לאנשים עם מוגבלות","government","*6763","","pniotnez@justice.gov.il","https://www.gov.il/he/service/application_for_information_people_with_disabilities","https://www.kolzchut.org.il/he/מוקד_שירות_ארצי:מוקד_נציבות_שוויון_זכויות_לאנשים_עם_מוגבלות"
"נגישות ישראל","nonprofit","","","","https://www.aisrael.org","https://www.aisrael.org/"
"האגודה למלחמה בסרטן","nonprofit","1-800-599-995","","","https://www.cancer.org.il","https://www.cancer.org.il/"
"זכרון מנחם","nonprofit","02-6400800","","info@zichron.org","https://www.zichron.org","https://www.zichron.org/"
"אור לעולם","nonprofit","1599-53-54-55","","","","https://www.kolzchut.org.il/he/אור_לעולם"
